{
  "geom": {
    "left_foot": {
      "size": {
        "default": [0.05, 0.1],
        "min": [0.04, 0.09],
        "max": [0.06, 0.11]
      }
    },
    "right_foot": {
      "size": {
        "default": [0.05, 0.1],
        "min": [0.04, 0.09],
        "max": [0.06, 0.11]
      }
    },
    "left_leg": {
      "size": {
        "default": [0.04, 0.25],
        "min": [0.03, 0.23],
        "max": [0.05, 0.27]
      }
    },
    "right_leg": {
      "size": {
        "default": [0.04, 0.25],
        "min": [0.03, 0.23],
        "max": [0.05, 0.27]
      }
    },
    "left_thigh": {
      "size": {
        "default": [0.05, 0.225],
        "min": [0.04, 0.2],
        "max": [0.06, 0.25]
      }
    },
    "right_thigh": {
      "size": {
        "default": [0.05, 0.225],
        "min": [0.04, 0.2],
        "max": [0.06, 0.25]
      }
    }
  },
  "joint": {
    "left_knee": {
      "range": {
        "default": [-150, 0],
        "min": [-140, 0],
        "max": [-160, 0]
      }
    },
    "right_knee": {
      "range": {
        "default": [-150, 0],
        "min": [-140, 0],
        "max": [-160, 0]
      }
    }
  }
}